{
    "camera_matrix": [
        [
            899.12150372,
            0.0,
            644.26261492
        ],
        [
            0.0,
            899.45280671,
            372.28009436
        ],
        [
            0.0,
            0.0,
            1.0
        ]
    ],
    "dist_coeffs": [
        [
            -0.03792548,
            0.09233237,
            0.00419088,
            0.00317323,
            -0.15804257
        ]
    ]
}